Breite,Laenge,Strasse
Fehler,Fehler,Ungültige Zeile
49.3526,8.1644,Merowingerstraße
49.3525,8.1646,Merowingerstraße
49.3525,8.1647,Merowingerstraße
49.3525,8.1648,Adolf-Kolping-Straße
49.3525,8.1648,Adolf-Kolping-Straße
49.3525,8.1648,Adolf-Kolping-Straße
49.3525,8.1648,Adolf-Kolping-Straße
49.3525,8.1647,Merowingerstraße
49.3525,8.1647,Merowingerstraße
49.3526,8.1647,Adolf-Kolping-Straße
49.3526,8.1646,Merowingerstraße
49.3526,8.1646,Merowingerstraße
49.3526,8.1646,Merowingerstraße
49.3526,8.1647,Adolf-Kolping-Straße
49.3526,8.1647,Adolf-Kolping-Straße
49.3526,8.1647,Adolf-Kolping-Straße
49.3526,8.1647,Adolf-Kolping-Straße
49.3526,8.1647,Adolf-Kolping-Straße
49.3526,8.1646,Merowingerstraße
49.3526,8.1646,Merowingerstraße
49.3526,8.1646,Merowingerstraße
49.3526,8.1646,Merowingerstraße
49.3526,8.1647,Adolf-Kolping-Straße
49.3526,8.1647,Adolf-Kolping-Straße
49.3526,8.1647,Adolf-Kolping-Straße
49.3526,8.1647,Adolf-Kolping-Straße
49.3526,8.1647,Adolf-Kolping-Straße
49.3526,8.1647,Adolf-Kolping-Straße
49.3526,8.1647,Adolf-Kolping-Straße
49.3526,8.1647,Adolf-Kolping-Straße
49.3526,8.1647,Adolf-Kolping-Straße
49.3526,8.1647,Adolf-Kolping-Straße
49.3526,8.1647,Adolf-Kolping-Straße
49.3526,8.1647,Adolf-Kolping-Straße
49.3526,8.1647,Adolf-Kolping-Straße
49.3526,8.1647,Adolf-Kolping-Straße
49.3526,8.1647,Adolf-Kolping-Straße
49.3526,8.1647,Adolf-Kolping-Straße
49.3526,8.1647,Adolf-Kolping-Straße
49.3526,8.1647,Adolf-Kolping-Straße
49.3526,8.1647,Adolf-Kolping-Straße
49.3526,8.1647,Adolf-Kolping-Straße
49.3526,8.1647,Adolf-Kolping-Straße
49.3526,8.1647,Adolf-Kolping-Straße
49.3526,8.1647,Adolf-Kolping-Straße
49.3526,8.1647,Adolf-Kolping-Straße
49.3526,8.1647,Adolf-Kolping-Straße
49.3526,8.1647,Adolf-Kolping-Straße
49.3526,8.1647,Adolf-Kolping-Straße
49.3526,8.1647,Adolf-Kolping-Straße
49.3526,8.1647,Adolf-Kolping-Straße
49.3526,8.1647,Adolf-Kolping-Straße
49.3526,8.1647,Adolf-Kolping-Straße
49.3526,8.1647,Adolf-Kolping-Straße
49.3526,8.1647,Adolf-Kolping-Straße
49.3526,8.1647,Adolf-Kolping-Straße
49.3526,8.1647,Adolf-Kolping-Straße
49.3526,8.1647,Adolf-Kolping-Straße
49.3526,8.1647,Adolf-Kolping-Straße
49.3526,8.1647,Adolf-Kolping-Straße
49.3526,8.1647,Adolf-Kolping-Straße
49.3526,8.1647,Adolf-Kolping-Straße
49.3526,8.1647,Adolf-Kolping-Straße
49.3526,8.1647,Adolf-Kolping-Straße
49.3526,8.1647,Adolf-Kolping-Straße
49.3526,8.1647,Adolf-Kolping-Straße
49.3526,8.1647,Adolf-Kolping-Straße
49.3526,8.1647,Adolf-Kolping-Straße
49.3526,8.1647,Adolf-Kolping-Straße
49.3526,8.1647,Adolf-Kolping-Straße
49.3526,8.1647,Adolf-Kolping-Straße
49.3526,8.1647,Adolf-Kolping-Straße
49.3526,8.1647,Adolf-Kolping-Straße
49.3526,8.1647,Adolf-Kolping-Straße
49.3526,8.1647,Adolf-Kolping-Straße
49.3526,8.1647,Adolf-Kolping-Straße
49.3526,8.1647,Adolf-Kolping-Straße
49.3526,8.1648,Adolf-Kolping-Straße
49.3525,8.1648,Adolf-Kolping-Straße
49.3525,8.1649,Adolf-Kolping-Straße
49.3524,8.1649,Adolf-Kolping-Straße
49.3523,8.1649,Adolf-Kolping-Straße
49.3521,8.1648,Adolf-Kolping-Straße
49.352,8.1647,Adolf-Kolping-Straße
49.3517,8.1646,Adolf-Kolping-Straße
49.3515,8.1646,Adolf-Kolping-Straße
49.3513,8.1645,Adolf-Kolping-Straße
49.3512,8.1645,Adolf-Kolping-Straße
49.351,8.1644,Adolf-Kolping-Straße
49.3509,8.1644,Adolf-Kolping-Straße
49.3508,8.1643,Branchweilerhofstraße
49.3508,8.1642,Branchweilerhofstraße
49.3508,8.164,Branchweilerhofstraße
49.3508,8.1638,Branchweilerhofstraße
49.3509,8.1635,Branchweilerhofstraße
49.3509,8.1632,Branchweilerhofstraße
49.3509,8.1629,Branchweilerhofstraße
49.351,8.1625,Branchweilerhofstraße
49.351,8.1622,Branchweilerhofstraße
49.351,8.1619,Branchweilerhofstraße
49.3511,8.1616,Branchweilerhofstraße
49.3511,8.1614,Branchweilerhofstraße
49.3511,8.1612,Branchweilerhofstraße
49.3511,8.1612,Branchweilerhofstraße
49.3511,8.1612,Branchweilerhofstraße
49.3511,8.1612,Branchweilerhofstraße
49.3511,8.1611,Breslauer Straße
49.351,8.1611,Breslauer Straße
49.3509,8.161,Breslauer Straße
49.3508,8.161,Breslauer Straße
49.3507,8.1609,Breslauer Straße
49.3506,8.1608,Breslauer Straße
49.3505,8.1608,Breslauer Straße
49.3504,8.1607,Breslauer Straße
49.3502,8.1606,Breslauer Straße
49.35,8.1605,Breslauer Straße
49.3499,8.1604,Breslauer Straße
49.3497,8.1604,Breslauer Straße
49.3496,8.1603,Breslauer Straße
49.3494,8.1602,Breslauer Straße
49.3493,8.1601,Breslauer Straße
49.3491,8.1601,Breslauer Straße
49.349,8.16,Breslauer Straße
49.3488,8.16,Breslauer Straße
49.3487,8.16,Spitalbachstraße
49.3486,8.16,Spitalbachstraße
49.3486,8.16,Spitalbachstraße
49.3485,8.1601,Spitalbachstraße
49.3485,8.1603,Spitalbachstraße
49.3484,8.1605,Spitalbachstraße
49.3484,8.1607,Spitalbachstraße
49.3484,8.161,Spitalbachstraße
49.3483,8.1612,Spitalbachstraße
49.3483,8.1614,Spitalbachstraße
49.3483,8.1617,Spitalbachstraße
49.3482,8.1619,Spitalbachstraße
49.3482,8.1622,Spitalbachstraße
49.3482,8.1625,Spitalbachstraße
49.3481,8.1628,Spitalbachstraße
49.3481,8.163,Spitalbachstraße
49.3481,8.1632,Spitalbachstraße
49.3481,8.1634,Adolf-Kolping-Straße
49.3481,8.1634,Adolf-Kolping-Straße
49.348,8.1635,Spitalbachstraße
49.348,8.1635,Spitalbachstraße
49.3481,8.1636,Adolf-Kolping-Straße
49.3482,8.1636,Adolf-Kolping-Straße
49.3484,8.1637,Adolf-Kolping-Straße
49.3485,8.1637,Adolf-Kolping-Straße
49.3486,8.1639,Sandfeldweg
49.3486,8.1641,Sandfeldweg
49.3486,8.1643,Sandfeldweg
49.3486,8.1646,Sandfeldweg
49.3485,8.1648,Sandfeldweg
49.3485,8.165,Sandfeldweg
49.3484,8.1653,Sandfeldweg
49.3484,8.1655,Sandfeldweg
49.3484,8.1657,Sandfeldweg
49.3483,8.1659,Sandfeldweg
49.3483,8.1661,Sandfeldweg
49.3482,8.1661,Otto-Dill-Straße
49.3481,8.1661,Otto-Dill-Straße
49.3479,8.166,Otto-Dill-Straße
49.3478,8.166,Otto-Dill-Straße
49.3477,8.1661,Otto-Dill-Straße
49.3476,8.1661,Hanns-Fay-Straße
49.3475,8.166,Otto-Dill-Straße
49.3474,8.1658,Hanns-Fay-Straße
49.3474,8.1657,Hanns-Fay-Straße
49.3473,8.1656,Hanns-Fay-Straße
49.3472,8.1655,Hanns-Fay-Straße
49.3471,8.1654,Hanns-Fay-Straße
49.347,8.1653,Hanns-Fay-Straße
49.3469,8.1653,Hanns-Fay-Straße
49.3467,8.1653,Hanns-Fay-Straße
49.3465,8.1653,Hanns-Fay-Straße
49.3464,8.1653,Hanns-Fay-Straße
49.3463,8.1654,Hanns-Fay-Straße
49.3462,8.1656,Hanns-Fay-Straße
49.3462,8.1657,Hanns-Fay-Straße
49.3461,8.1659,Hanns-Fay-Straße
49.3461,8.1661,Hanns-Fay-Straße
49.3461,8.1663,Hanns-Fay-Straße
49.3461,8.1665,Hanns-Fay-Straße
49.3461,8.1667,Hanns-Fay-Straße
49.346,8.1669,Hanns-Fay-Straße
49.346,8.167,Hanns-Fay-Straße
49.3461,8.1671,Otto-Dill-Straße
49.3461,8.1671,Otto-Dill-Straße
49.3462,8.1671,Otto-Dill-Straße
49.3464,8.1671,Otto-Dill-Straße
49.3465,8.1672,Otto-Dill-Straße
49.3466,8.1672,Otto-Dill-Straße
49.3467,8.1672,Otto-Dill-Straße
49.3468,8.1673,Otto-Dill-Straße
49.3469,8.1673,Otto-Dill-Straße
49.3471,8.1673,Otto-Dill-Straße
49.3472,8.1672,Otto-Dill-Straße
49.3472,8.1672,Otto-Dill-Straße
49.3473,8.1671,Otto-Dill-Straße
49.3474,8.1669,Otto-Dill-Straße
49.3474,8.1668,Otto-Dill-Straße
49.3474,8.1666,Otto-Dill-Straße
49.3475,8.1664,Otto-Dill-Straße
49.3476,8.1662,Otto-Dill-Straße
49.3476,8.1661,Hanns-Fay-Straße
49.3477,8.166,Otto-Dill-Straße
49.3478,8.166,Otto-Dill-Straße
49.3479,8.166,Otto-Dill-Straße
49.348,8.166,Otto-Dill-Straße
49.3481,8.166,Otto-Dill-Straße
49.3482,8.1661,Otto-Dill-Straße
49.3482,8.1662,Sandfeldweg
49.3482,8.1665,Sandfeldweg
49.3481,8.1667,Sandfeldweg
49.3481,8.1669,Sandfeldweg
49.348,8.167,Sandfeldweg
49.3481,8.1671,Berliner Straße
49.3482,8.1671,Berliner Straße
49.3483,8.1672,Berliner Straße
49.3484,8.1672,Berliner Straße
49.3485,8.1673,Berliner Straße
49.3487,8.1674,Dr.- Goerdeler-Straße
49.3488,8.1675,Berliner Straße
49.3489,8.1675,Berliner Straße
49.3491,8.1677,Berliner Straße
49.3492,8.1677,Berliner Straße
49.3494,8.1678,Berliner Straße
49.3495,8.1678,Berliner Straße
49.3496,8.1678,Berliner Straße
49.3498,8.1678,Berliner Straße
49.3499,8.1677,Berliner Straße
49.35,8.1676,Berliner Straße
49.3501,8.1675,Berliner Straße
49.3502,8.1673,Berliner Straße
49.3502,8.1671,Berliner Straße
49.3502,8.167,Berliner Straße
49.3504,8.167,Branchweilerhofstraße
49.3505,8.167,Branchweilerhofstraße
49.3506,8.167,Branchweilerhofstraße
49.3507,8.167,Branchweilerhofstraße
49.3508,8.167,Branchweilerhofstraße
49.3507,8.167,Branchweilerhofstraße
49.3508,8.167,Branchweilerhofstraße
49.3508,8.1672,Branchweilerhofstraße
49.3508,8.1674,Branchweilerhofstraße
49.3508,8.1677,Branchweilerhofstraße
49.3508,8.168,Branchweilerhofstraße
49.3508,8.1682,Branchweilerhofstraße
49.3508,8.1685,Branchweilerhofstraße
49.3508,8.1688,Branchweilerhofstraße
49.3508,8.1692,Branchweilerhofstraße
49.3508,8.1695,Branchweilerhofstraße
49.3508,8.1698,Branchweilerhofstraße
49.3508,8.1701,Branchweilerhofstraße
49.3508,8.1704,Branchweilerhofstraße
49.3508,8.1707,Branchweilerhofstraße
49.3509,8.171,Branchweilerhofstraße
49.351,8.1712,Branchweilerhofstraße
49.3511,8.1715,Branchweilerhofstraße
49.3512,8.1717,Branchweilerhofstraße
49.3512,8.172,Branchweilerhofstraße
49.3513,8.1722,Branchweilerhofstraße
49.3514,8.1725,Branchweilerhofstraße
49.3515,8.1729,Branchweilerhofstraße
49.3515,8.1731,Branchweilerhofstraße
49.3515,8.1733,Nachtweide
49.3514,8.1735,Nachtweide
49.3513,8.1737,Nachtweide
49.3512,8.174,Nachtweide
49.3511,8.1744,Nachtweide
49.351,8.1747,Nachtweide
49.3509,8.175,Nachtweide
49.3508,8.1754,Nachtweide
49.3507,8.1757,Nachtweide
49.3505,8.1759,Nachtweide
49.3504,8.1761,Nachtweide
49.3501,8.1761,Nachtweide
49.35,8.1761,Nachtweide
49.3498,8.1761,Nachtweide
49.3497,8.1761,Nachtweide
49.3493,8.176,Nachtweide
49.3491,8.176,Nachtweide
49.3489,8.176,Nachtweide
49.3487,8.176,Nachtweide
49.3485,8.1759,Nachtweide
49.3483,8.1759,Nachtweide
49.3481,8.1759,Nachtweide
49.3479,8.1759,Nachtweide
49.3477,8.1759,Nachtweide
49.3475,8.1759,Nachtweide
49.3473,8.176,Nachtweide
49.3471,8.1761,Nachtweide
49.3468,8.1762,Nachtweide
49.3465,8.1763,Nachtweide
49.3463,8.1764,Nachtweide
49.3461,8.1764,Nachtweide
49.3459,8.1765,Nachtweide
49.3457,8.1766,Nachtweide
49.3455,8.1767,Nachtweide
49.3452,8.1768,Nachtweide
49.345,8.1768,Nachtweide
49.3448,8.1769,Nachtweide
49.3446,8.1769,Nachtweide
49.3444,8.177,Nachtweide
49.3441,8.1769,Nachtweide
49.3438,8.1768,Nachtweide
49.3436,8.1767,Oswald-Wiersich-Straße
49.3434,8.1766,Nachtweide
49.3432,8.1765,Nachtweide
49.343,8.1764,Nachtweide
49.3428,8.1763,Nachtweide
49.3426,8.1762,Nachtweide
49.3424,8.1761,Nachtweide
49.3423,8.176,Nachtweide
49.3421,8.1759,Nachtweide
49.3421,8.1757,K 1
49.3419,8.1756,K 1
49.3418,8.1754,Louis-Escande-Straße
49.3417,8.1752,Louis-Escande-Straße
49.3416,8.175,Louis-Escande-Straße
49.3415,8.1748,Louis-Escande-Straße
49.3414,8.1745,Louis-Escande-Straße
49.3413,8.1743,Louis-Escande-Straße
49.3412,8.174,Louis-Escande-Straße
49.3411,8.1737,Louis-Escande-Straße
49.341,8.1735,Louis-Escande-Straße
49.3409,8.1732,Louis-Escande-Straße
49.3408,8.1729,Louis-Escande-Straße
49.3408,8.1726,Louis-Escande-Straße
49.3408,8.1721,Louis-Escande-Straße
49.3408,8.1718,Louis-Escande-Straße
49.3409,8.1715,Louis-Escande-Straße
49.3409,8.1711,Louis-Escande-Straße
49.341,8.1708,Louis-Escande-Straße
49.341,8.1705,Louis-Escande-Straße
49.341,8.1702,Louis-Escande-Straße
49.3409,8.1699,Louis-Escande-Straße
49.3409,8.1696,Louis-Escande-Straße
49.3407,8.1694,Louis-Escande-Straße
49.3406,8.1693,Louis-Escande-Straße
49.3404,8.1692,Louis-Escande-Straße
49.3401,8.1691,Louis-Escande-Straße
49.3399,8.169,Le Quartier-Hornbach
49.3397,8.169,Louis-Escande-Straße
49.3394,8.1689,Louis-Escande-Straße
49.3392,8.1689,Louis-Escande-Straße
49.339,8.1688,Louis-Escande-Straße
49.3388,8.1688,Louis-Escande-Straße
49.3385,8.1687,Louis-Escande-Straße
49.3383,8.1687,Louis-Escande-Straße
49.3381,8.1686,Louis-Escande-Straße
49.3379,8.1685,Louis-Escande-Straße
49.3376,8.1685,Louis-Escande-Straße
49.3374,8.1684,Louis-Escande-Straße
49.3371,8.1684,Louis-Escande-Straße
49.337,8.1683,Louis-Escande-Straße
49.3369,8.1681,K 20
49.3367,8.1681,K 20
49.3366,8.1682,Louis-Escande-Straße
49.3364,8.1682,Louis-Escande-Straße
49.3362,8.1682,Louis-Escande-Straße
49.336,8.1681,Louis-Escande-Straße
49.3358,8.1681,Louis-Escande-Straße
49.3356,8.1681,Louis-Escande-Straße
49.3354,8.1681,Louis-Escande-Straße
49.3352,8.168,Louis-Escande-Straße
49.335,8.168,Louis-Escande-Straße
49.3348,8.1678,Louis-Escande-Straße
49.3347,8.1677,B 39
49.3347,8.1674,B 39
49.3348,8.1672,B 39
49.3349,8.167,B 39
49.335,8.1667,B 39
49.3351,8.1665,B 39
49.3352,8.1662,B 39
49.3354,8.166,B 39
49.3355,8.1657,B 39
49.3357,8.1655,B 39
49.3359,8.1652,B 39
49.3361,8.1649,B 39
49.3363,8.1646,B 39
49.3364,8.1644,B 39
49.3366,8.1641,B 39
49.3367,8.1638,B 39
49.3369,8.1635,B 39
49.337,8.1632,B 39
49.3372,8.1629,B 39
49.3373,8.1627,B 39
49.3375,8.1624,B 39
49.3376,8.1621,B 39
49.3377,8.1618,B 39
49.3378,8.1615,B 39
49.338,8.1611,B 39
49.338,8.1609,B 39
49.3381,8.1607,B 39
49.3382,8.1605,Unbekannt
49.3383,8.1604,Unbekannt
49.3385,8.1604,Adolf-Kolping-Straße
49.3386,8.1604,Adolf-Kolping-Straße
49.3387,8.1603,Adolf-Kolping-Straße
49.3388,8.1602,Adolf-Kolping-Straße
49.3389,8.1602,Adolf-Kolping-Straße
49.339,8.1602,Adolf-Kolping-Straße
49.339,8.1601,Unbekannt
49.3391,8.1601,Unbekannt
49.3393,8.1602,Adolf-Kolping-Straße
49.3395,8.1603,Adolf-Kolping-Straße
49.3396,8.1605,Adolf-Kolping-Straße
49.3398,8.1606,Adolf-Kolping-Straße
49.34,8.1607,Adolf-Kolping-Straße
49.3402,8.1609,Adolf-Kolping-Straße
49.3403,8.161,Adolf-Kolping-Straße
49.3405,8.1612,Adolf-Kolping-Straße
49.3407,8.1613,Adolf-Kolping-Straße
49.3409,8.1614,Adolf-Kolping-Straße
49.3411,8.1615,Adolf-Kolping-Straße
49.3413,8.1616,Adolf-Kolping-Straße
49.3414,8.1617,Adolf-Kolping-Straße
49.3416,8.1618,Adolf-Kolping-Straße
49.3418,8.1619,Unbekannt
49.3419,8.162,Unbekannt
49.342,8.1621,Adolf-Kolping-Straße
49.3421,8.162,Adolf-Kolping-Straße
49.3423,8.1621,Adolf-Kolping-Straße
49.3425,8.1622,Adolf-Kolping-Straße
49.3427,8.1622,Adolf-Kolping-Straße
49.3429,8.1623,Erfurter Straße
49.3431,8.1624,Adolf-Kolping-Straße
49.3433,8.1624,Adolf-Kolping-Straße
49.3435,8.1625,Adolf-Kolping-Straße
49.3437,8.1625,Adolf-Kolping-Straße
49.3439,8.1626,Adolf-Kolping-Straße
49.3441,8.1626,Adolf-Kolping-Straße
49.3444,8.1627,Adolf-Kolping-Straße
49.3446,8.1627,Adolf-Kolping-Straße
49.3448,8.1628,Adolf-Kolping-Straße
49.3449,8.1629,Adolf-Kolping-Straße
49.345,8.163,Adolf-Kolping-Straße
49.3452,8.1631,Speyerdorfer Straße
49.3453,8.1631,Speyerdorfer Straße
49.3453,8.1629,Speyerdorfer Straße
49.3453,8.1627,Speyerdorfer Straße
49.3453,8.1624,Speyerdorfer Straße
49.3453,8.1622,Speyerdorfer Straße
49.3454,8.1619,Speyerdorfer Straße
49.3454,8.1614,Speyerdorfer Straße
49.3455,8.1611,Speyerdorfer Straße
49.3455,8.1608,Speyerdorfer Straße
49.3456,8.1605,Speyerdorfer Straße
49.3456,8.1602,Speyerdorfer Straße
49.3457,8.1599,Speyerdorfer Straße
49.3458,8.1596,Speyerdorfer Straße
49.3458,8.1593,Speyerdorfer Straße
49.3459,8.159,Speyerdorfer Straße
49.346,8.1587,Speyerdorfer Straße
49.346,8.1584,Speyerdorfer Straße
49.3461,8.1581,Speyerdorfer Straße
49.3462,8.1579,Speyerdorfer Straße
49.3463,8.1576,Speyerdorfer Straße
49.3463,8.1573,Speyerdorfer Straße
49.3464,8.157,Eugenie-Abresch-Straße
49.3465,8.1565,Speyerdorfer Straße
49.3465,8.1562,Speyerdorfer Straße
49.3466,8.1559,Speyerdorfer Straße
49.3466,8.1556,Speyerdorfer Straße
49.3466,8.1554,Speyerdorfer Straße
49.3467,8.1554,Schlachthofstraße
49.3468,8.1554,Schlachthofstraße
49.347,8.1554,Schlachthofstraße
49.3471,8.1555,Schlachthofstraße
49.3473,8.1555,Schlachthofstraße
49.3474,8.1556,Schlachthofstraße
49.3476,8.1557,Schlachthofstraße
49.3478,8.1557,Schlachthofstraße
49.348,8.1558,Schlachthofstraße
49.3482,8.1558,Schlachthofstraße
49.3483,8.1559,Schlachthofstraße
49.3484,8.1559,Schlachthofstraße
49.3486,8.156,Schlachthofstraße
49.3487,8.156,Schlachthofstraße
49.3489,8.1561,Schlachthofstraße
49.349,8.1561,Schlachthofstraße
49.3491,8.1562,Schlachthofstraße
49.3492,8.156,Spitalbachstraße
49.3492,8.1558,Spitalbachstraße
49.3493,8.1556,Spitalbachstraße
49.3493,8.1553,Spitalbachstraße
49.3493,8.1551,Spitalbachstraße
49.3494,8.1548,Spitalbachstraße
49.3494,8.1546,Spitalbachstraße
49.3495,8.1543,Spitalbachstraße
49.3495,8.1541,Spitalbachstraße
49.3495,8.1538,Spitalbachstraße
49.3496,8.1535,Spitalbachstraße
49.3496,8.1533,Spitalbachstraße
49.3497,8.1529,Spitalbachstraße
49.3497,8.1526,Winzinger Straße
49.3498,8.1524,Spitalbachstraße
49.3498,8.1522,Spitalbachstraße
49.3498,8.1521,Spitalbachstraße
49.3497,8.1521,Winzinger Straße
49.3496,8.1521,Winzinger Straße
49.3495,8.1521,Winzinger Straße
49.3493,8.1521,Winzinger Straße
49.3492,8.152,Winzinger Straße
49.349,8.152,Winzinger Straße
49.3489,8.1519,Winzinger Straße
49.3488,8.1519,Winzinger Straße
49.3486,8.1518,Winzinger Straße
49.3484,8.1517,Winzinger Straße
49.3482,8.1516,Winzinger Straße
49.348,8.1516,Winzinger Straße
49.3479,8.1515,Winzinger Straße
49.3478,8.1515,Winzinger Straße
49.3478,8.1514,Winzinger Straße
49.3477,8.1513,Winzinger Straße
49.3476,8.1513,Winzinger Straße
49.3475,8.1514,Landauer Straße
49.3474,8.1517,Landauer Straße
49.3474,8.1519,Landauer Straße
49.3473,8.1522,Landauer Straße
49.3472,8.1524,Landauer Straße
49.3472,8.1527,Landauer Straße
49.347,8.1528,Landauer Straße
49.3469,8.1528,Landauer Straße
49.3467,8.1529,Landauer Straße
49.3466,8.1529,Landauer Straße
49.3464,8.1529,Landauer Straße
49.3462,8.1529,Landauer Straße
49.3461,8.1529,Landauer Straße
49.3459,8.1529,Landauer Straße
49.3456,8.1529,Landauer Straße
49.3454,8.1529,Landauer Straße
49.3451,8.1528,Landauer Straße
49.345,8.1527,Landauer Straße
49.3442,8.1523,Landauer Straße
49.3439,8.1522,Landauer Straße
49.3437,8.1522,Landauer Straße
49.3435,8.1521,Landauer Straße
49.3432,8.152,Landauer Straße
49.343,8.1519,Landauer Straße
49.3428,8.1518,Landauer Straße
49.3426,8.1517,Landauer Straße
49.3424,8.1517,Landauer Straße
49.3423,8.1517,Landauer Straße
49.3421,8.1516,Landauer Straße
49.342,8.1516,Landauer Straße
49.3418,8.1515,Landauer Straße
49.3416,8.1514,Landauer Straße
49.3414,8.1513,Landauer Straße
49.3411,8.1512,Landauer Straße
49.3409,8.1511,Landauer Straße
49.3407,8.1511,Landauer Straße
49.3405,8.151,Landauer Straße
49.3402,8.1509,Landauer Straße
49.34,8.1509,Landauer Straße
49.3397,8.1508,Landauer Straße
49.3395,8.1508,Landauer Straße
49.3393,8.1508,Unbekannt
49.3392,8.1507,Unbekannt
49.3391,8.1505,Unbekannt
49.3391,8.1502,Dr.-Siebenpfeiffer-Straße
49.3391,8.15,Dr.-Siebenpfeiffer-Straße
49.3392,8.1497,Dr.-Siebenpfeiffer-Straße
49.3393,8.1495,Dr.-Siebenpfeiffer-Straße
49.3398,8.1488,Dr.-Siebenpfeiffer-Straße
49.34,8.148,Dr.-Siebenpfeiffer-Straße
49.34,8.1477,Dr.-Siebenpfeiffer-Straße
49.34,8.1473,Dr.-Siebenpfeiffer-Straße
49.34,8.147,Dr.-Siebenpfeiffer-Straße
49.34,8.1467,Dr.-Siebenpfeiffer-Straße
49.34,8.1464,Dr.-Siebenpfeiffer-Straße
49.3401,8.1459,Dr.-Siebenpfeiffer-Straße
49.3401,8.1456,Dr.-Siebenpfeiffer-Straße
49.3402,8.1453,Dr.-Siebenpfeiffer-Straße
49.3402,8.145,Dr.-Siebenpfeiffer-Straße
49.3403,8.1447,Dr.-Siebenpfeiffer-Straße
49.3404,8.1444,Dr.-Siebenpfeiffer-Straße
49.3404,8.1441,Dr.-Siebenpfeiffer-Straße
49.3405,8.1438,Dr.-Siebenpfeiffer-Straße
49.3405,8.1435,Dr.-Siebenpfeiffer-Straße
49.3405,8.1432,Dr.-Siebenpfeiffer-Straße
49.3406,8.1429,Maconring
49.3406,8.1426,Maconring
49.3405,8.1422,Dr.-Siebenpfeiffer-Straße
49.3406,8.1419,Dr.-Siebenpfeiffer-Straße
49.3407,8.1418,Dr.-Siebenpfeiffer-Straße
49.3408,8.1415,Dr.-Siebenpfeiffer-Straße
49.3409,8.1414,Dr.-Siebenpfeiffer-Straße
49.3409,8.1412,Grundwiesenweg
49.3408,8.1411,Grundwiesenweg
49.3407,8.1411,Grundwiesenweg
49.3407,8.141,Grundwiesenweg
49.3406,8.1409,Grundwiesenweg
49.3405,8.1408,Grundwiesenweg
49.3404,8.1407,Unbekannt
49.3403,8.1405,Grundwiesenweg
49.3402,8.1404,Grundwiesenweg
49.3402,8.1403,Grundwiesenweg
49.3401,8.1401,Grundwiesenweg
49.3401,8.14,Grundwiesenweg
49.34,8.1398,Grundwiesenweg
49.3401,8.1396,Grundwiesenweg
49.3401,8.1395,Grundwiesenweg
49.3402,8.1393,Grundwiesenweg
49.3403,8.1392,Grundwiesenweg
49.3404,8.139,Grundwiesenweg
49.3405,8.1389,Grundwiesenweg
49.3406,8.1387,Grundwiesenweg
49.3407,8.1385,Grundwiesenweg
49.3408,8.1383,Grundwiesenweg
49.3409,8.1382,Grundwiesenweg
49.341,8.138,Grundwiesenweg
49.3411,8.1378,Grundwiesenweg
49.3412,8.1376,Grundwiesenweg
49.3412,8.1375,Grundwiesenweg
49.3413,8.1372,Grundwiesenweg
49.3414,8.137,Grundwiesenweg
49.3415,8.1368,Grundwiesenweg
49.3416,8.1366,Grundwiesenweg
49.3416,8.1364,Grundwiesenweg
49.3418,8.1361,Falkensteinstraße
49.3418,8.1359,Grundwiesenweg
49.3419,8.1357,Grundwiesenweg
49.342,8.1355,Grundwiesenweg
49.3421,8.1354,Weinstraße
49.3421,8.1353,Weinstraße
49.3421,8.1352,Mühlweg
49.342,8.1351,Weinstraße
49.3418,8.135,Weinstraße
49.3417,8.1349,Weinstraße
49.3416,8.1347,Weinstraße
49.3414,8.1345,Weinstraße
49.3412,8.1344,Weinstraße
49.341,8.1343,Weinstraße
49.3409,8.1341,Weinstraße
49.3407,8.134,Weinstraße
49.3406,8.1338,Weinstraße
49.3404,8.1337,Weinstraße
49.3403,8.1335,Weinstraße
49.3401,8.1334,Weinstraße
49.3399,8.1333,Weinstraße
49.3398,8.1331,Weinstraße
49.3396,8.133,Weinstraße
49.3394,8.1328,Weinstraße
49.3393,8.1327,Weinstraße
49.3392,8.1325,Weinstraße
49.339,8.1324,Weinstraße
49.3389,8.1322,Weinstraße
49.3388,8.1321,Weinstraße
49.3388,8.1319,Kaiserstuhl
49.3388,8.1318,Kaiserstuhl
49.339,8.1316,Kaiserstuhl
49.3391,8.1316,Kaiserstuhl
49.3392,8.1316,Kaiserstuhl
49.3394,8.1317,Kaiserstuhl
49.3395,8.1317,Kaiserstuhl
49.3397,8.1318,Kaiserstuhl
49.3399,8.1318,Kaiserstuhl
49.3401,8.1318,Kaiserstuhl
49.3402,8.1319,Kaiserstuhl
49.3404,8.1319,Kaiserstuhl
49.3405,8.1319,Kaiserstuhl
49.3406,8.1319,Kaiserstuhl
49.3408,8.132,Kaiserstuhl
49.3409,8.132,Kaiserstuhl
49.3411,8.132,Kaiserstuhl
49.3412,8.1321,Kaiserstuhl
49.3414,8.1321,Kaiserstuhl
49.3416,8.1322,Kaiserstuhl
49.3418,8.1322,Kaiserstuhl
49.342,8.1323,Kaiserstuhl
49.3422,8.1323,Kaiserstuhl
49.3424,8.1323,Kaiserstuhl
49.3425,8.1324,Kaiserstuhl
49.3427,8.1324,Kaiserstuhl
49.3428,8.1325,Kaiserstuhl
49.3429,8.1325,Kaiserstuhl
49.3429,8.1326,Kaiserstuhl
49.343,8.1326,Madenburgstraße
49.3431,8.1326,Madenburgstraße
49.3432,8.1327,Madenburgstraße
49.3433,8.1327,Madenburgstraße
49.3435,8.1328,Madenburgstraße
49.3436,8.1328,Madenburgstraße
49.3438,8.1329,Madenburgstraße
49.3439,8.1329,Madenburgstraße
49.344,8.1329,Dr.-Wirth-Straße
49.3441,8.133,Madenburgstraße
49.3442,8.133,Madenburgstraße
49.3442,8.1331,Dr.-Wirth-Straße
49.3442,8.1332,Dr.-Wirth-Straße
49.3442,8.1334,Dr.-Wirth-Straße
49.3442,8.1336,Dr.-Wirth-Straße
49.3442,8.1338,Dr.-Wirth-Straße
49.3441,8.134,Dr.-Wirth-Straße
49.3441,8.1342,Dr.-Wirth-Straße
49.344,8.1344,Dr.-Wirth-Straße
49.344,8.1346,Dr.-Wirth-Straße
49.3439,8.1349,Dr.-Wirth-Straße
49.3438,8.1351,Dr.-Wirth-Straße
49.3438,8.1353,Hermann-Ehlers-Straße
49.3437,8.1355,Dr.-Wirth-Straße
49.3436,8.1358,Dr.-Wirth-Straße
49.3436,8.136,Maxburgstraße
49.3435,8.1361,Dr.-Wirth-Straße
49.3435,8.1362,Dr.-Wirth-Straße
49.3435,8.1364,Hambacher Straße
49.3436,8.1365,Hambacher Straße
49.3437,8.1367,Hambacher Straße
49.3438,8.1368,Hambacher Straße
49.3439,8.137,Hambacher Straße
49.344,8.1372,Hambacher Straße
49.3441,8.1374,Hambacher Straße
49.3442,8.1376,Hambacher Straße
49.3443,8.1378,Hambacher Straße
49.3444,8.138,Hambacher Straße
49.3445,8.1382,Hambacher Straße
49.3446,8.1384,Erkenbrechtstraße
49.3446,8.1387,Erkenbrechtstraße
49.3446,8.1389,Erkenbrechtstraße
49.3445,8.1391,Erkenbrechtstraße
49.3445,8.1393,Erkenbrechtstraße
49.3445,8.1395,Erkenbrechtstraße
49.3445,8.1397,Erkenbrechtstraße
49.3503,8.1187,Leibnizstraße
49.3503,8.1189,Leibnizstraße
49.3503,8.1191,Leibnizstraße
49.3503,8.1194,Leibnizstraße
49.3503,8.1197,Leibnizstraße
49.3503,8.1199,Leibnizstraße
49.3503,8.1201,Leibnizstraße
49.3503,8.1204,Leibnizstraße
49.3503,8.1206,Leibnizstraße
49.3503,8.1208,Leibnizstraße
49.3502,8.1211,Leibnizstraße
49.3502,8.1213,Leibnizstraße
49.3503,8.1215,Leibnizstraße
49.3503,8.1217,Leibnizstraße
49.3504,8.1218,Leibnizstraße
49.3505,8.1219,Leibnizstraße
49.3506,8.1221,Leibnizstraße
49.3507,8.1221,Saarlandstraße
49.3507,8.122,Saarlandstraße
49.3508,8.1219,Saarlandstraße
49.3508,8.1218,Saarlandstraße
49.3508,8.1216,Saarlandstraße
49.3508,8.1213,Saarlandstraße
49.3508,8.1211,Saarlandstraße
49.3509,8.121,Saarlandstraße
49.3509,8.1208,Saarlandstraße
49.351,8.1206,Saarlandstraße
49.351,8.1203,Saarlandstraße
49.3511,8.12,Saarlandstraße
49.3511,8.1198,Saarlandstraße
49.3511,8.1196,Saarlandstraße
49.3512,8.1194,Saarlandstraße
49.3512,8.1192,Saarlandstraße
49.3513,8.119,Saarlandstraße
49.3514,8.1187,Saarlandstraße
49.3514,8.1185,Saarlandstraße
49.3515,8.1183,Saarlandstraße
49.3516,8.1181,Saarlandstraße
49.3516,8.1179,Saarlandstraße
49.3517,8.1176,Saarlandstraße
49.3518,8.1173,Saarlandstraße
49.3519,8.1171,Saarlandstraße
49.3519,8.1169,Saarlandstraße
49.352,8.1167,Saarlandstraße
49.3521,8.1165,Saarlandstraße
49.3521,8.1163,Saarlandstraße
49.3523,8.1162,Saarlandstraße
49.3524,8.116,Saarlandstraße
49.3525,8.1159,Saarlandstraße
49.3526,8.1158,Saarlandstraße
49.3527,8.1156,Saarlandstraße
49.3529,8.1155,Saarlandstraße
49.3531,8.1153,Saarlandstraße
49.3532,8.1152,Saarlandstraße
49.3534,8.1152,Saarlandstraße
49.3535,8.1151,Saarlandstraße
49.3537,8.115,Saarlandstraße
49.3538,8.1149,Saarlandstraße
49.3539,8.1149,Saarlandstraße
49.354,8.1148,Saarlandstraße
49.3541,8.1148,Saarlandstraße
49.3543,8.1147,Saarlandstraße
49.3544,8.1146,Saarlandstraße
49.3546,8.1145,Saarlandstraße
49.3547,8.1145,Saarlandstraße
49.3548,8.1144,Saarlandstraße
49.3549,8.1144,Saarlandstraße
49.3549,8.1145,Saarlandstraße
49.3549,8.1147,Saarlandstraße
49.3548,8.1148,Saarlandstraße
49.3547,8.1149,Saarlandstraße
49.3546,8.1151,Saarlandstraße
49.3545,8.1152,Saarlandstraße
49.3544,8.1153,Saarlandstraße
49.3543,8.1155,Saarlandstraße
49.3541,8.1156,Saarlandstraße
49.354,8.1157,Saarlandstraße
49.3538,8.1159,Saarlandstraße
49.3537,8.116,Saarlandstraße
49.3535,8.1161,Saarlandstraße
49.3534,8.1162,Saarlandstraße
49.3532,8.1163,Saarlandstraße
49.3531,8.1164,Saarlandstraße
49.353,8.1165,Saarlandstraße
49.353,8.1167,Saarlandstraße
49.3531,8.1168,Saarlandstraße
49.3532,8.117,Saarlandstraße
49.3532,8.1171,Saarlandstraße
49.3533,8.1171,Talstraße
49.3534,8.117,Talstraße
49.3535,8.1169,Talstraße
49.3536,8.1167,Talstraße
49.3538,8.1166,Talstraße
49.3539,8.1165,Talstraße
49.3541,8.1165,Quellenstraße
49.3541,8.1167,Quellenstraße
49.3542,8.1168,Quellenstraße
49.3544,8.1169,Quellenstraße
49.3545,8.1168,Quellenstraße
49.3546,8.1166,Schloßweg
49.3547,8.1164,Schloßweg
49.3548,8.1162,Schloßweg
49.3548,8.116,Quellenstraße
49.3549,8.1158,Quellenstraße
49.355,8.1157,Schloßweg
49.3551,8.1155,Quellenstraße
49.3551,8.1154,Quellenstraße
49.3552,8.1154,Quellenstraße
49.3553,8.1155,Quellenstraße
49.3553,8.1157,Quellenstraße
49.3554,8.1159,Quellenstraße
49.3555,8.1162,Quellenstraße
49.3555,8.1163,Quellenstraße
49.3556,8.1164,Quellenstraße
49.3556,8.1166,Quellenstraße
49.3556,8.1168,Quellenstraße
49.3556,8.117,Sauterstraße
49.3555,8.1172,Sauterstraße
49.3554,8.1173,Sauterstraße
49.3553,8.1174,Sauterstraße
49.3551,8.1176,Sauterstraße
49.355,8.1177,Sauterstraße
49.3549,8.1179,Sauterstraße
49.3547,8.1181,Sauterstraße
49.3546,8.1182,Sauterstraße
49.3545,8.1184,Schloßweg
49.3545,8.1186,Sauterstraße
49.3544,8.1188,Sauterstraße
49.3543,8.119,Sauterstraße
49.3543,8.1192,Sauterstraße
49.3542,8.1194,Sauterstraße
49.3541,8.1196,Sauterstraße
49.354,8.12,Sauterstraße
49.3539,8.1202,Sauterstraße
49.3538,8.1204,Sauterstraße
49.3537,8.1206,Sauterstraße
49.3536,8.1209,Sauterstraße
49.3535,8.1211,Sauterstraße
49.3535,8.1213,Sauterstraße
49.3534,8.1215,Sauterstraße
49.3533,8.1221,Sauterstraße
49.3533,8.1224,Sauterstraße
49.3533,8.1226,Sauterstraße
49.3533,8.1229,Sauterstraße
49.3532,8.1231,Sauterstraße
49.3532,8.1233,Sauterstraße
49.3532,8.1236,Sauterstraße
49.3532,8.1238,Sauterstraße
49.3533,8.1241,Sauterstraße
49.3533,8.1243,Sauterstraße
49.3533,8.1246,Sauterstraße
49.3533,8.1248,Sauterstraße
49.3533,8.1252,Sauterstraße
49.3533,8.1255,Sauterstraße
49.3532,8.1257,Sauterstraße
49.3532,8.126,Sauterstraße
49.3532,8.1262,Sauterstraße
49.3532,8.1265,Sauterstraße
49.3532,8.1267,Sauterstraße
49.3532,8.127,Sauterstraße
49.3532,8.1271,Sauterstraße
49.3531,8.1271,Pulverturmstraße
49.3531,8.1272,Sauterstraße
49.3529,8.1272,Pulverturmstraße
49.3528,8.1272,Pulverturmstraße
49.3526,8.1272,Pulverturmstraße
49.3525,8.1272,Pulverturmstraße
49.3524,8.1272,Pulverturmstraße
49.3523,8.1272,Pulverturmstraße
49.3522,8.1272,Pulverturmstraße
49.3521,8.1272,Pulverturmstraße
49.3519,8.1272,Pulverturmstraße
49.3518,8.1272,Pulverturmstraße
49.3517,8.1272,Pulverturmstraße
49.3515,8.1273,Pulverturmstraße
49.3514,8.1273,Pulverturmstraße
49.3513,8.1273,Pulverturmstraße
49.3512,8.1274,Pulverturmstraße
49.3511,8.1274,Pulverturmstraße
49.3511,8.1275,Seilerbahn
49.3512,8.1275,Seilerbahn
49.3512,8.1276,Seilerbahn
49.3513,8.1276,Seilerbahn
49.3513,8.1277,Seilerbahn
49.3513,8.1278,Seilerbahn
49.3513,8.1279,Seilerbahn
49.3514,8.128,Seilerbahn
49.3515,8.1283,Seilerbahn
49.3516,8.1285,Seilerbahn
49.3517,8.1286,Seilerbahn
49.3517,8.1287,Seilerbahn
49.3518,8.1288,Seilerbahn
49.3518,8.129,Seilerbahn
49.3519,8.129,Seilerbahn
49.3518,8.1292,Mandelgasse
49.3518,8.1293,Ludwigstraße
49.3517,8.1295,Talstraße
49.3518,8.1296,Ludwigstraße
49.3519,8.1297,Ludwigstraße
49.3521,8.1297,Ludwigstraße
49.3522,8.1298,Ludwigstraße
49.3523,8.1299,Ludwigstraße
49.3524,8.1301,Ludwigstraße
49.3525,8.1303,Ludwigstraße
49.3526,8.1305,Ludwigstraße
49.3527,8.1307,Ziegelgasse
49.3527,8.1309,Ludwigstraße
49.3528,8.1312,Ludwigstraße
49.3529,8.1314,Ludwigstraße
49.353,8.1318,Ludwigstraße
49.3531,8.132,Ludwigstraße
49.3531,8.1323,Ludwigstraße
49.3532,8.1325,Ludwigstraße
49.3533,8.1328,Pfarrgasse
49.3534,8.133,Ludwigstraße
49.3535,8.1333,Ludwigstraße
49.3535,8.1335,Ludwigstraße
49.3536,8.1338,Ludwigstraße
49.3537,8.134,Ludwigstraße
49.3537,8.1343,Ludwigstraße
49.3538,8.1346,Ludwigstraße
49.354,8.1349,Ludwigstraße
49.3541,8.135,Manfred-Vetter-Straße
49.3543,8.1351,Manfred-Vetter-Straße
49.3544,8.1352,Turmstraße
49.3546,8.1353,Manfred-Vetter-Straße
49.3548,8.1353,Manfred-Vetter-Straße
49.355,8.1353,Manfred-Vetter-Straße
49.3552,8.1353,Rittergartenstraße
49.3553,8.1354,Rittergartenstraße
49.3554,8.1356,Rittergartenstraße
49.3555,8.1358,Rittergartenstraße
49.3556,8.1361,Rittergartenstraße
49.3555,8.1363,Turmstraße
49.3555,8.1367,Rittergartenstraße
49.3555,8.137,Hauptstraße
49.3555,8.1373,Karlstraße
49.3556,8.1375,Strohmarkt
49.3556,8.1378,Strohmarkt
49.3556,8.1381,Strohmarkt
49.3556,8.1383,Strohmarkt
49.3556,8.1386,Strohmarkt
49.3556,8.1389,Maximilianstraße
49.3556,8.1392,Maximilianstraße
49.3556,8.1394,Maximilianstraße
49.3555,8.1397,Maximilianstraße
49.3555,8.1401,Maximilianstraße
49.3555,8.1404,Maximilianstraße
49.3555,8.1407,Maximilianstraße
49.3555,8.1409,Maximilianstraße
49.3554,8.1412,Maximilianstraße
49.3554,8.1414,Maximilianstraße
49.3554,8.1417,Maximilianstraße
49.3554,8.1419,Maximilianstraße
49.3554,8.1422,Maximilianstraße
49.3555,8.1425,Maximilianstraße
49.3555,8.1427,Maximilianstraße
49.3556,8.143,Maximilianstraße
49.3557,8.1434,Maximilianstraße
49.3557,8.1437,Maximilianstraße
49.3558,8.144,Maximilianstraße
49.3558,8.1443,Maximilianstraße
49.3559,8.1445,Maximilianstraße
49.3559,8.1448,Maximilianstraße
49.356,8.1451,Maximilianstraße
49.356,8.1453,Wallgasse
49.3561,8.1456,Maximilianstraße
49.3561,8.1459,Maximilianstraße
49.3562,8.1462,Maximilianstraße
49.3563,8.1465,Maximilianstraße
49.3564,8.147,Maximilianstraße
49.3564,8.1473,Maximilianstraße
49.3565,8.1476,Maximilianstraße
49.3566,8.1479,Maximilianstraße
49.3566,8.1482,Maximilianstraße
49.3567,8.1485,Maximilianstraße
49.3568,8.1487,Maximilianstraße
49.3569,8.1489,Maximilianstraße
49.3571,8.1491,Maximilianstraße
49.3572,8.1492,Robert-Stolz-Straße
49.3574,8.1493,Mußbacher Landstraße
49.3575,8.1494,Mußbacher Landstraße
49.3577,8.1495,Mußbacher Landstraße
49.358,8.1497,Mußbacher Landstraße
49.3582,8.1498,Mußbacher Landstraße
49.3584,8.15,Mußbacher Landstraße
49.3586,8.1501,Mußbacher Landstraße
49.3587,8.1502,Mußbacher Landstraße
49.3589,8.1504,Mußbacher Landstraße
49.3591,8.1505,Villenstraße
49.3593,8.1506,Mußbacher Landstraße
49.3594,8.1508,Mußbacher Landstraße
49.3595,8.1509,Mußbacher Landstraße
49.3596,8.151,Mußbacher Landstraße
49.3596,8.1511,Mußbacher Landstraße
49.3596,8.1512,Mußbacher Landstraße
49.3595,8.1512,Mußbacher Landstraße
49.3595,8.1513,Mußbacher Landstraße
49.3595,8.1514,Mußbacher Landstraße
49.3594,8.1514,Mußbacher Landstraße
49.3595,8.1514,Mußbacher Landstraße
49.3594,8.1514,Mußbacher Landstraße
49.3594,8.1515,Mußbacher Landstraße
49.3593,8.1515,Mußbacher Landstraße
49.3594,8.1515,Mußbacher Landstraße
49.3594,8.1516,Martin-Luther-Straße
49.3593,8.1517,Martin-Luther-Straße
49.3592,8.1517,Martin-Luther-Straße
49.3592,8.1518,Martin-Luther-Straße
49.359,8.1518,Martin-Luther-Straße
49.3589,8.1518,Martin-Luther-Straße
49.3587,8.1518,Martin-Luther-Straße
49.3586,8.1518,Martin-Luther-Straße
49.3583,8.1519,Martin-Luther-Straße
49.3581,8.1519,Martin-Luther-Straße
49.3579,8.1519,Martin-Luther-Straße
49.3578,8.1519,Martin-Luther-Straße
49.3576,8.1519,Martin-Luther-Straße
49.3575,8.152,Martin-Luther-Straße
49.3574,8.1522,Robert-Stolz-Straße
49.3574,8.1523,Robert-Stolz-Straße
49.3575,8.1525,Robert-Stolz-Straße
49.3575,8.1527,Robert-Stolz-Straße
49.3575,8.1529,Robert-Stolz-Straße
49.3575,8.1531,Robert-Stolz-Straße
49.3575,8.1535,Georg-Kerschensteiner-Weg
49.3576,8.1537,Robert-Stolz-Straße
49.3576,8.1539,Robert-Stolz-Straße
49.3576,8.1542,Robert-Stolz-Straße
49.3577,8.1544,Robert-Stolz-Straße
49.3577,8.1546,Robert-Stolz-Straße
49.3577,8.1548,Robert-Stolz-Straße
49.3578,8.1551,Robert-Stolz-Straße
49.3578,8.1553,Robert-Stolz-Straße
49.3578,8.1555,Robert-Stolz-Straße
49.3579,8.1558,Robert-Stolz-Straße
49.3579,8.156,Robert-Stolz-Straße
49.3579,8.1563,Harthäuserweg
49.3578,8.1565,Harthäuserweg
49.3577,8.1567,Harthäuserweg
49.3577,8.1569,Harthäuserweg
49.3576,8.1571,Harthäuserweg
49.3575,8.1573,Harthäuserweg
49.3575,8.1576,Landwehrstraße
49.3574,8.1578,Harthäuserweg
49.3574,8.1581,Landwehrstraße
49.3573,8.1583,Harthäuserweg
49.3573,8.1586,Landwehrstraße
49.3573,8.1587,Landwehrstraße
49.3572,8.1588,Landwehrstraße
49.357,8.1587,Landwehrstraße
49.3568,8.1587,Landwehrstraße
49.3567,8.1587,Landwehrstraße
49.3565,8.1586,Landwehrstraße
49.3564,8.1586,Landwehrstraße
49.3562,8.1586,Landwehrstraße
49.356,8.1587,Landwehrstraße
49.3559,8.1588,Landwehrstraße
49.3557,8.1589,Landwehrstraße
49.3556,8.1589,Landwehrstraße
49.3554,8.159,Landwehrstraße
49.3552,8.1589,Landwehrstraße
49.355,8.1589,Landwehrstraße
49.3549,8.1587,Landwehrstraße
49.3547,8.1586,Landwehrstraße
49.3546,8.1584,Landwehrstraße
49.3545,8.1583,Landwehrstraße
49.3543,8.1581,Landwehrstraße
49.3542,8.1579,Landwehrstraße
49.3542,8.1578,Landwehrstraße
49.3541,8.1578,Landwehrstraße
49.3541,8.1577,Landwehrstraße
49.354,8.1576,Landwehrstraße
49.3539,8.1575,Landwehrstraße
49.3538,8.1573,Landwehrstraße
49.3536,8.157,Landwehrstraße
49.3535,8.1569,Landwehrstraße
49.3534,8.1567,Landwehrstraße
49.3533,8.1564,Landwehrstraße
49.3533,8.1562,Landwehrstraße
49.3533,8.1559,Landwehrstraße
49.3533,8.1557,Landwehrstraße
49.3534,8.1554,Landwehrstraße
49.3534,8.1552,Landwehrstraße
49.3535,8.1549,Landwehrstraße
49.3535,8.1547,Landwehrstraße
49.3535,8.1545,Landwehrstraße
49.3535,8.1543,Landwehrstraße
49.3533,8.1541,Landwehrstraße
49.3532,8.1541,Landwehrstraße
49.3531,8.1541,Landwehrstraße
49.353,8.1541,Branchweilerhofstraße
49.353,8.154,Branchweilerhofstraße
49.353,8.1539,Branchweilerhofstraße
49.3531,8.1538,Branchweilerhofstraße
49.3531,8.1536,Branchweilerhofstraße
49.3532,8.1534,Branchweilerhofstraße
49.3533,8.1532,Branchweilerhofstraße
49.3533,8.1529,Branchweilerhofstraße
49.3534,8.1527,Branchweilerhofstraße
49.3535,8.1525,Branchweilerhofstraße
49.3535,8.1524,Branchweilerhofstraße
49.3534,8.1524,Branchweilerhofstraße
49.3535,8.1523,Branchweilerhofstraße
49.3536,8.1522,Martin-Luther-Straße
49.3537,8.1522,Martin-Luther-Straße
49.3539,8.1521,Martin-Luther-Straße
49.354,8.1521,Martin-Luther-Straße
49.3541,8.1521,Martin-Luther-Straße
49.3543,8.152,Konrad-Adenauer-Straße
49.3543,8.1519,Konrad-Adenauer-Straße
49.3543,8.1517,Konrad-Adenauer-Straße
49.3543,8.1515,Konrad-Adenauer-Straße
49.3543,8.1512,Konrad-Adenauer-Straße
49.3542,8.1509,Konrad-Adenauer-Straße
49.3542,8.1507,Konrad-Adenauer-Straße
49.3542,8.1504,Konrad-Adenauer-Straße
49.3541,8.1497,Konrad-Adenauer-Straße
49.3541,8.1496,Konrad-Adenauer-Straße
49.3541,8.1495,Konrad-Adenauer-Straße
49.3541,8.1493,Konrad-Adenauer-Straße
49.3541,8.1491,Konrad-Adenauer-Straße
49.3541,8.1488,Konrad-Adenauer-Straße
49.354,8.1486,Konrad-Adenauer-Straße
49.354,8.1483,Konrad-Adenauer-Straße
49.354,8.148,Konrad-Adenauer-Straße
49.3539,8.1477,Konrad-Adenauer-Straße
49.3539,8.1475,Konrad-Adenauer-Straße
49.3539,8.147,Konrad-Adenauer-Straße
49.3538,8.1468,Konrad-Adenauer-Straße
49.3538,8.1465,Wiesenstraße
49.3538,8.1462,Konrad-Adenauer-Straße
49.3538,8.1459,Konrad-Adenauer-Straße
49.3537,8.1456,Konrad-Adenauer-Straße
49.3537,8.1454,Konrad-Adenauer-Straße
49.3537,8.1451,Konrad-Adenauer-Straße
49.3537,8.1448,Konrad-Adenauer-Straße
49.3537,8.1445,Werderstraße
49.3537,8.1442,Konrad-Adenauer-Straße
49.3537,8.1439,Konrad-Adenauer-Straße
49.3536,8.1436,Konrad-Adenauer-Straße
49.3536,8.1432,Konrad-Adenauer-Straße
49.3536,8.1429,Konrad-Adenauer-Straße
49.3536,8.1426,Konrad-Adenauer-Straße
49.3536,8.1424,Konrad-Adenauer-Straße
49.3536,8.1422,Konrad-Adenauer-Straße
49.3536,8.1419,Konrad-Adenauer-Straße
49.3536,8.1417,Konrad-Adenauer-Straße
49.3536,8.1414,Konrad-Adenauer-Straße
49.3536,8.1413,Konrad-Adenauer-Straße
49.3536,8.1412,Konrad-Adenauer-Straße
49.3536,8.1411,Konrad-Adenauer-Straße
49.3535,8.1411,Konrad-Adenauer-Straße
49.3535,8.141,Konrad-Adenauer-Straße
49.3535,8.1409,Konrad-Adenauer-Straße
49.3535,8.1408,Konrad-Adenauer-Straße
49.3535,8.1407,Konrad-Adenauer-Straße
49.3534,8.1406,Exterstraße
49.3533,8.1405,Exterstraße
49.3532,8.1405,Exterstraße
49.353,8.1405,Exterstraße
49.3528,8.1406,Exterstraße
49.3527,8.1405,Exterstraße
49.3526,8.1406,Heinestraße
49.3525,8.1406,Alter Turnplatz
49.3524,8.1406,Alter Turnplatz
49.3523,8.1406,Alter Turnplatz
49.3522,8.1407,Exterstraße
49.3521,8.1407,Exterstraße
49.352,8.1407,Exterstraße
49.3519,8.1408,Hindenburgstraße
49.3517,8.1408,Exterstraße
49.3516,8.1408,Exterstraße
49.3515,8.1408,Exterstraße
49.3514,8.1408,Exterstraße
49.3514,8.1409,Von-Hartmann-Straße
49.3513,8.1409,Exterstraße
49.3512,8.1409,Exterstraße
49.3511,8.1409,Exterstraße
49.351,8.141,Landauer Straße
49.3509,8.1411,Landauer Straße
49.3508,8.1412,Unbekannt
49.3507,8.1416,Landauer Straße
49.3507,8.1418,Landauer Straße
49.3506,8.142,Landauer Straße
49.3505,8.1423,Landauer Straße
49.3505,8.1425,Landauer Straße
49.3504,8.1427,Landauer Straße
49.3503,8.143,Landauer Straße
49.3502,8.1432,Landauer Straße
49.3501,8.1435,Landauer Straße
49.35,8.1438,Landauer Straße
49.3499,8.144,Landauer Straße
49.3499,8.1443,Landauer Straße
49.3498,8.1445,Landauer Straße
49.3497,8.145,Landauer Straße
49.3496,8.1453,Landauer Straße
49.3496,8.1456,Von-der-Tann-Straße
49.3495,8.1459,Landauer Straße
49.3495,8.1462,Landauer Straße
49.3494,8.1466,Landauer Straße
49.3493,8.1468,Landauer Straße
49.3492,8.1471,Landauer Straße
49.3491,8.1474,Landauer Straße
49.349,8.1477,Landauer Straße
49.3489,8.1479,Landauer Straße
49.3488,8.1482,Landauer Straße
49.3486,8.1486,Landauer Straße
49.3485,8.1489,Landauer Straße
49.3484,8.1492,Landauer Straße
49.3483,8.1495,Landauer Straße
49.3482,8.1498,Landauer Straße
49.348,8.1501,Landauer Straße
49.3479,8.1503,Landauer Straße
49.3479,8.1506,Landauer Straße
49.3478,8.1507,Landauer Straße
49.3478,8.1508,Landauer Straße
49.3477,8.1508,Landauer Straße
49.3478,8.1508,Landauer Straße
49.3477,8.1509,Landauer Straße
49.3477,8.151,Landauer Straße
49.3477,8.1512,Winzinger Straße
49.3478,8.1514,Winzinger Straße
49.3479,8.1515,Winzinger Straße
49.348,8.1515,Winzinger Straße
49.3482,8.1516,Winzinger Straße
49.3484,8.1517,Winzinger Straße
49.3485,8.1517,Winzinger Straße
49.3487,8.1518,Winzinger Straße
49.3489,8.1521,Winzinger Straße
49.3491,8.1521,Winzinger Straße
49.3493,8.1522,Winzinger Straße
49.3494,8.1522,Winzinger Straße
49.3495,8.1522,Winzinger Straße
49.3495,8.1521,Winzinger Straße
49.3495,8.152,Winzinger Straße
49.3496,8.152,Winzinger Straße
49.3497,8.1521,Winzinger Straße
49.3497,8.1524,Winzinger Straße
49.3497,8.1526,Winzinger Straße
49.3497,8.1527,Spitalbachstraße
49.3496,8.153,Winzinger Straße
49.3496,8.1533,Spitalbachstraße
49.3496,8.1537,Spitalbachstraße
49.3495,8.1542,Spitalbachstraße
49.3493,8.1557,Spitalbachstraße
49.3492,8.1559,Spitalbachstraße
49.3492,8.156,Spitalbachstraße
49.3492,8.1561,Spitalbachstraße
49.3492,8.1562,Schlachthofstraße
49.3492,8.1563,Spitalbachstraße
49.3491,8.1566,Spitalbachstraße
49.3491,8.1568,Spitalbachstraße
49.349,8.1571,Spitalbachstraße
49.349,8.1574,Spitalbachstraße
49.349,8.1577,Spitalbachstraße
49.3489,8.158,Spitalbachstraße
49.3489,8.1583,Industriestraße
49.3488,8.1585,Spitalbachstraße
49.3488,8.1588,Breslauer Straße
49.3487,8.1592,Breslauer Straße
49.3486,8.1595,Spitalbachstraße
49.3486,8.1597,Spitalbachstraße
49.3486,8.1599,Breslauer Straße
49.3487,8.1599,Breslauer Straße
49.3488,8.16,Breslauer Straße
49.3489,8.16,Breslauer Straße
49.349,8.1601,Breslauer Straße
49.3492,8.1601,Breslauer Straße
49.3493,8.1602,Breslauer Straße
49.3495,8.1602,Breslauer Straße
49.3496,8.1603,Breslauer Straße
49.3497,8.1604,Breslauer Straße
49.3499,8.1605,Breslauer Straße
49.35,8.1605,Breslauer Straße
49.3501,8.1606,Breslauer Straße
49.3503,8.1607,Breslauer Straße
49.3504,8.1607,Breslauer Straße
49.3505,8.1608,Breslauer Straße
49.3507,8.1609,Breslauer Straße
49.3508,8.1609,Breslauer Straße
49.3509,8.161,Breslauer Straße
49.351,8.161,Breslauer Straße
49.3511,8.1611,Breslauer Straße
49.3511,8.1613,Branchweilerhofstraße
49.3511,8.1615,Branchweilerhofstraße
49.3511,8.1617,Branchweilerhofstraße
49.3511,8.1618,Branchweilerhofstraße
49.3511,8.1619,Roßlaufstraße
49.3512,8.162,Roßlaufstraße
49.3514,8.162,Roßlaufstraße
49.3515,8.162,Roßlaufstraße
49.3517,8.1621,Roßlaufstraße
49.3518,8.1621,Roßlaufstraße
49.352,8.1622,Roßlaufstraße
49.3521,8.1622,Roßlaufstraße
49.3524,8.1623,Roßlaufstraße
49.3525,8.1624,Roßlaufstraße
49.3526,8.1624,Roßlaufstraße
49.3527,8.1625,Merowingerstraße
49.3527,8.1627,Merowingerstraße
49.3527,8.1629,Merowingerstraße
49.3527,8.1631,Merowingerstraße
49.3527,8.1634,Merowingerstraße
49.3526,8.1636,Merowingerstraße
49.3526,8.1638,Merowingerstraße
49.3526,8.1641,Merowingerstraße
49.3526,8.1643,Merowingerstraße
49.3525,8.1645,Merowingerstraße
49.3525,8.1646,Merowingerstraße
49.3525,8.1647,Merowingerstraße
